id,name,town,address,phone,schedule,source,notes,checked,lat,lon
manna,MANNA Community Pantry,Hartford,"55 Bartholomew Avenue, Hartford, CT",860-728-3201,Mon–Thu 9:30–11:30 and 13:00–17:00,https://handsonhartford.org/programs/community-pantry/,Emergency bags available to Connecticut residents. Call about pantry enrollment. Official assistance page lists noon instead of 11:30; using earlier cutoff.,2026-09-30,41.755888994884,-72.703321383498
west,West Hartford Food Pantry,West Hartford,"50 South Main Street, West Hartford, CT",860-561-7580,Tue 15:30–17:00 · Wed 09:00–10:30 · Fri 10:30–12:00,https://www.westhartfordct.gov/town-departments/social-services/food-resources,"Registration, income criteria, photo ID and local address evidence required. Holiday/weather closures apply.",2026-09-30,41.758477675639,-72.742599397581
east,East Hartford Town Food Pantry,East Hartford,"50 Chapman Place, East Hartford, CT",860-291-7248,2nd/4th Thu 16:00–17:00 · 3rd Mon 11:30–12:30,https://www.easthartfordct.gov/FoodPantry,"Connecticut residents. First come, first served; distribution can end when supplies run out.",2026-09-30,41.772692936866,-72.64422575643
bloom,Bloomfield Food Bank,Bloomfield,"330 Park Avenue, Bloomfield, CT",860-242-1895,Wed 13:00–15:00 · Fri 10:00–12:00,https://www.bloomfieldct.gov/425/Food-Resources,Residency proof and application required; two visits monthly. Evening hours suspended per July 2026 notice.,2026-09-30,41.822589581975,-72.713050127914
newington,Newington Food Bank,Newington,"200 Garfield Street, Newington, CT",860-665-8590,Tue 12:00–15:00 · Thu 09:00–12:00,https://www.newingtonct.gov/2281/Food-Bank,"Call for registration and monthly pickup. Residency, income, assets and household documentation required.",2026-09-30,41.694170273739,-72.731546208714
wethersfield,Wethersfield Food Bank,Wethersfield,"505 Silas Deane Highway, Wethersfield, CT",860-721-2977,Appointment required; current pickup hours unconfirmed,https://wethersfieldct.gov/331/Social-Youth-Senior-Services,Contact Social & Youth Services for food-bank appointment and current hours. Office hours are not treated as distribution hours.,2026-09-30,41.712263763269,-72.663621553985
fern,Fern Street Food Pantry,West Hartford,"433 Fern Street, West Hartford, CT",860-233-3669,3rd Sat 10:00–11:30,https://www.westhartfordct.gov/town-departments/social-services/food-resources/local-food-options,Confirm eligibility before visiting. Mobile truck dates are separate and are not inferred from the pantry schedule.,2026-09-30,41.769252861734,-72.740235673043
anja,Anja Rosenberg Kosher Food Pantry,West Hartford,"333 Bloomfield Avenue, West Hartford, CT",860-236-1927,By appointment,https://www.westhartfordct.gov/town-departments/social-services/food-resources/local-food-options,Contact Jewish Family Services for eligibility and pickup appointment.,2026-09-30,41.800259836323,-72.724318675402
sorrows,Our Lady of Sorrows Food Pantry,Hartford,"39 Grace Street, Hartford, CT",860-233-4424,Tue/Fri 10:00–12:30,https://resources.finalsite.net/images/v1762093639/westhartfordctgov/westhartfordctgov/gcgbdsvgdgzecsarpwl1/Food-Resources.pdf,Use rear entrance. Town directory listing; confirm requirements and current hours.,2026-09-30,41.755395502568,-72.708282598259
living,First Church of the Living God Pantry,Hartford,"70 Whitney Street, Hartford, CT 06105",860-232-4461,2nd Tue 15:30–17:30 · 4th Sat 10:30–12:00,https://resources.finalsite.net/images/v1762093639/westhartfordctgov/westhartfordctgov/gcgbdsvgdgzecsarpwl1/Food-Resources.pdf,Town directory listing; confirm eligibility and distribution date.,2026-09-30,41.76920535855,-72.711679830662
grace,Grace Worship Center Pantry,Hartford,"750 Wethersfield Avenue, Hartford, CT",860-296-1544,Mon 13:00–14:00,https://resources.finalsite.net/images/v1762093639/westhartfordctgov/westhartfordctgov/gcgbdsvgdgzecsarpwl1/Food-Resources.pdf,Town directory listing; confirm requirements before visiting.,2026-09-30,41.735267177258,-72.6704973318
hispanic,Institute for the Hispanic Family Pantry,Hartford,"45 Wadsworth Street, Hartford, CT 06106",860-718-5084,Tue/Thu 10:00–14:00; call first,https://resources.finalsite.net/images/v1762093639/westhartfordctgov/westhartfordctgov/gcgbdsvgdgzecsarpwl1/Food-Resources.pdf,Call first to arrange access.,2026-09-30,41.758336906835,-72.67968675682
kings,King’s Chapel Food Pantry,Hartford,"400 Woodland Street, Hartford, CT",860-728-5777,Sat 10:30–12:30,https://resources.finalsite.net/images/v1762093639/westhartfordctgov/westhartfordctgov/gcgbdsvgdgzecsarpwl1/Food-Resources.pdf,Town directory listing; confirm requirements before visiting.,2026-09-30,41.780366709978,-72.69691407515
malta,Malta House Food Pantry,Hartford,"230 Blue Hills Avenue, Hartford, CT",860-725-0171,Sat 09:00–11:00,https://resources.finalsite.net/images/v1762093639/westhartfordctgov/westhartfordctgov/gcgbdsvgdgzecsarpwl1/Food-Resources.pdf,Distribution listed in parking lot. Confirm before visiting.,2026-09-30,41.79068367767,-72.698208818062
cathedral,Cathedral of Saint Joseph Pantry,Hartford,"829 Asylum Avenue, Hartford, CT",860-578-1434,Thu 09:00–11:45,https://resources.finalsite.net/images/v1762093639/westhartfordctgov/westhartfordctgov/gcgbdsvgdgzecsarpwl1/Food-Resources.pdf,Town directory listing; confirm requirements before visiting.,2026-09-30,41.769671922089,-72.692174508584
